thudang.31231026699@st.ueh.edu.vn,wrongpass001
thudang.31231026699@st.ueh.edu.vn,wrongpass002
thudang.31231026699@st.ueh.edu.vn,wrongpass003
thudang.31231026699@st.ueh.edu.vn,wrongpass004
thudang.31231026699@st.ueh.edu.vn,wrongpass005
thudang.31231026699@st.ueh.edu.vn,wrongpass006
thudang.31231026699@st.ueh.edu.vn,wrongpass007
thudang.31231026699@st.ueh.edu.vn,wrongpass008
thudang.31231026699@st.ueh.edu.vn,wrongpass009
thudang.31231026699@st.ueh.edu.vn,wrongpass010
thudang.31231026699@st.ueh.edu.vn,wrongpass011
thudang.31231026699@st.ueh.edu.vn,wrongpass012
thudang.31231026699@st.ueh.edu.vn,wrongpass013
thudang.31231026699@st.ueh.edu.vn,wrongpass014
thudang.31231026699@st.ueh.edu.vn,wrongpass015
thudang.31231026699@st.ueh.edu.vn,wrongpass016
thudang.31231026699@st.ueh.edu.vn,wrongpass017
thudang.31231026699@st.ueh.edu.vn,wrongpass018
thudang.31231026699@st.ueh.edu.vn,wrongpass019
thudang.31231026699@st.ueh.edu.vn,wrongpass020
thudang.31231026699@st.ueh.edu.vn,wrongpass021
thudang.31231026699@st.ueh.edu.vn,wrongpass022
thudang.31231026699@st.ueh.edu.vn,wrongpass023
thudang.31231026699@st.ueh.edu.vn,wrongpass024
thudang.31231026699@st.ueh.edu.vn,wrongpass025
thudang.31231026699@st.ueh.edu.vn,wrongpass026
thudang.31231026699@st.ueh.edu.vn,wrongpass027
thudang.31231026699@st.ueh.edu.vn,wrongpass028
thudang.31231026699@st.ueh.edu.vn,wrongpass029
thudang.31231026699@st.ueh.edu.vn,wrongpass030
thudang.31231026699@st.ueh.edu.vn,wrongpass031
thudang.31231026699@st.ueh.edu.vn,wrongpass032
thudang.31231026699@st.ueh.edu.vn,wrongpass033
thudang.31231026699@st.ueh.edu.vn,wrongpass034
thudang.31231026699@st.ueh.edu.vn,wrongpass035
thudang.31231026699@st.ueh.edu.vn,wrongpass036
thudang.31231026699@st.ueh.edu.vn,wrongpass037
thudang.31231026699@st.ueh.edu.vn,wrongpass038
thudang.31231026699@st.ueh.edu.vn,wrongpass039
thudang.31231026699@st.ueh.edu.vn,wrongpass040
thudang.31231026699@st.ueh.edu.vn,wrongpass041
thudang.31231026699@st.ueh.edu.vn,wrongpass042
thudang.31231026699@st.ueh.edu.vn,wrongpass043
thudang.31231026699@st.ueh.edu.vn,wrongpass044
thudang.31231026699@st.ueh.edu.vn,wrongpass045
thudang.31231026699@st.ueh.edu.vn,wrongpass046
thudang.31231026699@st.ueh.edu.vn,wrongpass047
thudang.31231026699@st.ueh.edu.vn,wrongpass048
thudang.31231026699@st.ueh.edu.vn,wrongpass049
thudang.31231026699@st.ueh.edu.vn,wrongpass050
thudang.31231026699@st.ueh.edu.vn,wrongpass051
thudang.31231026699@st.ueh.edu.vn,wrongpass052
thudang.31231026699@st.ueh.edu.vn,wrongpass053
thudang.31231026699@st.ueh.edu.vn,wrongpass054
thudang.31231026699@st.ueh.edu.vn,wrongpass055
thudang.31231026699@st.ueh.edu.vn,wrongpass056
thudang.31231026699@st.ueh.edu.vn,wrongpass057
thudang.31231026699@st.ueh.edu.vn,wrongpass058
thudang.31231026699@st.ueh.edu.vn,wrongpass059
thudang.31231026699@st.ueh.edu.vn,wrongpass060
thudang.31231026699@st.ueh.edu.vn,wrongpass061
thudang.31231026699@st.ueh.edu.vn,wrongpass062
thudang.31231026699@st.ueh.edu.vn,wrongpass063
thudang.31231026699@st.ueh.edu.vn,wrongpass064
thudang.31231026699@st.ueh.edu.vn,wrongpass065
thudang.31231026699@st.ueh.edu.vn,wrongpass066
thudang.31231026699@st.ueh.edu.vn,wrongpass067
thudang.31231026699@st.ueh.edu.vn,wrongpass068
thudang.31231026699@st.ueh.edu.vn,wrongpass069
thudang.31231026699@st.ueh.edu.vn,wrongpass070
thudang.31231026699@st.ueh.edu.vn,wrongpass071
thudang.31231026699@st.ueh.edu.vn,wrongpass072
thudang.31231026699@st.ueh.edu.vn,wrongpass073
thudang.31231026699@st.ueh.edu.vn,wrongpass074
thudang.31231026699@st.ueh.edu.vn,wrongpass075
thudang.31231026699@st.ueh.edu.vn,wrongpass076
thudang.31231026699@st.ueh.edu.vn,wrongpass077
thudang.31231026699@st.ueh.edu.vn,wrongpass078
thudang.31231026699@st.ueh.edu.vn,wrongpass079
thudang.31231026699@st.ueh.edu.vn,wrongpass080
thudang.31231026699@st.ueh.edu.vn,wrongpass081
thudang.31231026699@st.ueh.edu.vn,wrongpass082
thudang.31231026699@st.ueh.edu.vn,wrongpass083
thudang.31231026699@st.ueh.edu.vn,wrongpass084
thudang.31231026699@st.ueh.edu.vn,wrongpass085
thudang.31231026699@st.ueh.edu.vn,wrongpass086
thudang.31231026699@st.ueh.edu.vn,wrongpass087
thudang.31231026699@st.ueh.edu.vn,wrongpass088
thudang.31231026699@st.ueh.edu.vn,wrongpass089
thudang.31231026699@st.ueh.edu.vn,wrongpass090
thudang.31231026699@st.ueh.edu.vn,wrongpass091
thudang.31231026699@st.ueh.edu.vn,wrongpass092
thudang.31231026699@st.ueh.edu.vn,wrongpass093
thudang.31231026699@st.ueh.edu.vn,wrongpass094
thudang.31231026699@st.ueh.edu.vn,wrongpass095
thudang.31231026699@st.ueh.edu.vn,wrongpass096
thudang.31231026699@st.ueh.edu.vn,wrongpass097
thudang.31231026699@st.ueh.edu.vn,wrongpass098
thudang.31231026699@st.ueh.edu.vn,wrongpass099
thudang.31231026699@st.ueh.edu.vn,wrongpass100
